fname,ridge,rf,lr,gb,xbg,dt,lasso,enr,knn
D1637.csv,272.75368469963644,480.02502811696434,435.62834565604857,381.942250994828,231.48713776347708,270.6781211354144,297.9383712723039,281.7754081315685,587.7951964608559
D3623.csv,28.766678545069034,28.032056227765327,28.751946585135226,19.207100619472094,18.33968357760692,19.047128744929665,20.8747905111527,21.907815046649947,37.537284592074165
D2052.csv,327.7592026065115,313.90513276836646,1132.0872144756795,262.5858253192574,272.3881234001691,296.7688434931369,244.62103594846803,282.691312227982,703.9809594512067
D3618.csv,33.69780110726063,38.31550148341389,55.16733179026081,33.65580175052194,36.82064309334552,31.7784397679567,26.168587970980038,27.736235262797532,41.636099621202106
D136.csv,641.0197207061268,952.2473250136917,1512.114474184074,673.1958263636245,713.963159102886,904.1975801638001,433.5664015800135,584.4910437720597,921.7333518309215
D41.csv,671.5458418749905,2314.9988143409014,671.471115957218,2310.151577920548,2332.004068973999,2312.7762927588174,666.2109157362618,666.2109157362618,2340.1371042761343
D1643.csv,96.5068416695913,205.79655887166024,99.60245190648058,187.29947854558836,202.0002895127954,190.0873053491127,97.29050893693751,96.87289866972324,234.76250165036708
D2050.csv,50.221956412616834,107.87834679477106,50.21441737581666,120.20121138822911,101.504292758383,49.17317127561908,44.70329996182819,45.24559214108252,48.4171552546287
D2065.csv,68.45004148267121,102.92431903667112,68.45549909505228,118.29660319394607,121.4853399241166,94.19208451770746,68.985095582472,68.985095582472,134.53030856696176
D32.csv,148.61988101153574,113.38496068607442,150.61202540874226,125.01232134126002,128.54536549115457,123.71349014986893,138.6272293671206,138.6272293671206,211.0305874614233
D46.csv,452.12757940937456,569.8502329835185,526.4340473572081,469.0574721751579,566.9563047164511,320.9400938293013,404.7325997826299,436.87503981098445,449.5776662602357
D162.csv,32.070259611363284,43.90442528849051,33.32996039103483,45.878661856541385,45.29889218978464,29.016055108881226,31.868906795087398,31.402274867543632,29.199487618826392
D31.csv,148.616037385844,113.38496068607442,150.61202540874226,125.01232134126002,128.54536549115457,123.71349014986893,138.6272293671206,138.6272293671206,211.0305874614233
D2061.csv,50.87993917124965,93.88910677679658,50.89948011973755,85.4588094516919,81.79815498181205,85.57113228345233,50.22268887834336,50.19390060309751,98.9167448096079
D176.csv,157.44706784592944,375.97230463295693,161.6215223117089,412.9864694734964,404.69400390432645,376.49273953571117,167.6459951609389,166.24332301686232,450.8160534961295
D168.csv,19.20479978416508,21.47064164149803,19.93306160099274,27.97823322050665,21.893185254725736,21.928132411883976,20.956603877737273,20.998702836507128,30.528858141426632
D3613.csv,308.92123173085594,706.8354249526614,322.2300556495432,538.5099565377492,657.2636181314,525.8703753201394,330.8652704132034,323.65785897324787,671.3842899220225
D2079.csv,127.51959203295564,79.88672277983135,130.16252161116887,134.71347990574088,117.0784430351735,78.30590760885407,119.64164113576987,120.0434238321906,121.59234710704452
D2085.csv,2705.49343685068,2705.49343685068,2705.49343685068,2705.49343685068,2705.49343685068,2705.49343685068,2705.49343685068,2705.49343685068,2705.49343685068
D2076.csv,714.4860337463765,6952.123776883876,713.246080652938,5864.4067371456495,4876.164158345785,3897.783119061814,514.0065682535771,514.0065682535771,4735.103284362181
D3640.csv,192.4861823936536,156.7954989313413,204.02115464255886,189.51284248737915,158.7796274661236,160.23851543398965,169.98345249884062,170.7362625716865,238.53573469665443
D154.csv,342.9537609799313,328.574941225183,363.27069937410096,321.8248938268771,283.7982594193525,329.47790084086046,358.2738478141965,358.2738478141965,427.14565690025466
D3596.csv,44.09622287574054,48.71462485572456,56.7362562316377,56.31238700032845,50.8271350071115,47.77050918021531,41.31542600513157,40.63559908092685,57.54453891939467
D3620.csv,115.82095115896026,366.7159694400036,119.25960848277936,15.772217772139518,20.54738085058259,11.494338129173483,202.78719408367647,102.08226586136907,20.48082237118415
D30.csv,34.987003969468596,43.102293457475795,37.573784302061014,53.12363920402964,49.11507305553603,29.30892598371737,30.592240899970026,26.750808309117883,45.41852284800897
D3616.csv,39.26181185648976,58.90570648070375,43.84330602504158,60.535452441172254,62.60434773868375,56.349103032282464,35.1703388310295,35.1703388310295,65.00315125053551
D1644.csv,312.5741640331214,449.0138312555742,346.95661380798003,410.4022873364928,311.8198124465984,347.88729766261946,309.46736880298846,311.3449696269312,462.75042382476545
D1654.csv,463.2032777526813,410.94494565697363,720.9175240277016,300.1423723821692,377.63828223539247,325.0763654346429,331.3665895505276,363.22181939318347,437.62941648481484
D1645.csv,40.54856357826525,122.38397584464258,40.542202802492014,115.92686129807558,125.7886704745808,116.60654213642596,42.47335675392064,42.47335675392064,135.51640888554945
D174.csv,13.282022138692902,16.949700608304077,14.627546695812766,13.754365400486217,13.330245676563935,16.67864033161264,11.9122548982155,11.799629327593696,18.08878147553979
D5.csv,227.15390152908068,219.38709163268635,290.12690165541255,198.02625863733863,199.78527469809876,199.4066960306874,107.27570462345446,126.99888008912383,219.40990621703534
D3644.csv,263.39697123139393,408.55216591036185,282.1319483594367,501.80913419005117,383.9302171989932,182.69693673292983,236.274947890015,237.40087343862217,398.2824649353772
D156.csv,223.31874922700217,237.54843514648795,223.32220325500316,224.34558618790894,287.78073587714755,218.74460059634205,238.99641988484487,238.54446498488596,457.7153868658448
D132.csv,1403.9338312552668,3602.9690540162396,1403.742402371176,4117.61575726987,3993.240424724411,2543.680895867247,1544.7938323691105,1544.7938323691105,3262.320397355232
D40.csv,81.03772754584821,110.764076332318,81.02236336020447,159.16654971252584,140.78175886389224,102.29681808212405,81.97371767786827,81.8938288902334,157.40792898165213
D3610.csv,1557.1516322039047,6795.3196787702755,9700.563834621318,3151.1467948530267,4898.094445396802,267.4532669458355,1387.5576738371365,1338.8806134639085,1556.991088606482
D3631.csv,18.089781031074402,23.181196673242333,19.459106422453125,18.267286257350005,16.972726728722787,20.207837949297247,19.629881910158364,19.080312156352484,17.50644929028488
D169.csv,23.42017962239028,28.344700390085677,29.01955114937548,29.68649927332282,29.821742415134317,18.726912122174088,20.93698262953655,21.064115437612802,29.917082907800232
D2046.csv,103.86364128375027,359.86829416078166,103.84049091027518,215.53092004417584,268.61938185880257,139.97576440569398,105.71896537778896,105.71896537778896,250.90036811202563
D2047.csv,152.00242558336276,174.5616211773929,167.0561142813818,169.5931542161212,166.40985467499172,165.92933352869738,151.09737415988798,156.12595179478123,166.33648593827033
D50.csv,0.020404307188468244,0.023424687434351922,0.02049439786501615,0.019746225296248327,0.019916162870425944,0.02183593340613558,0.020001606870363887,0.02005986239406842,0.019377016024146595
D2041.csv,214.0961518546132,479.38813592379665,217.27309713443577,491.2866620163002,506.99698986129795,472.32351301126585,206.68612973337434,206.68612973337434,493.21714078709954
D37.csv,191.8734347615276,122.07499779548833,471.78446161494577,104.63118327775618,191.50555132835777,133.33981286139675,95.01839350475957,95.01839350475957,222.62386943312998
D151.csv,120.03855250539878,170.6529707165292,153.4537707839567,171.64249848418243,183.76609489501664,146.2053793941221,113.59801507683589,113.50560718028608,190.36794034258313
D7.csv,602.5762007013054,408.9159187875687,602.568610376789,514.5813955229504,547.4167165328746,329.4975480619354,443.3591082541355,506.354081740839,771.0834585807218
D160.csv,55.08139115338564,99.56560115101544,62.787049913393766,75.56201002738787,60.81897459229102,80.03049858100965,57.651529738085124,54.31851938018694,96.49271199810897
D2071.csv,52.82399943436267,57.77626312084973,56.428960182414734,66.80054067838522,59.79030950388009,47.98032635679117,43.41377748081127,43.48458514006454,65.2245614378058
D2054.csv,48.39320526907634,43.01897928608091,58.16894847108097,40.04884860406021,39.51088491015153,32.72161461077682,51.7069189370014,50.34472814738883,70.78431917642384
D148.csv,282.775121048767,174.43931998376314,500.6862511403629,210.76228915817754,167.82974069198355,192.5790012944522,221.85919492200122,174.7760097310172,344.860215942276
D164.csv,136.9726024198827,184.75990093719324,142.61175645559172,142.9170486087039,219.61969967523115,132.65139822628666,138.20501317193686,137.52560669939976,137.06430116919574
D49.csv,2554.1994464789914,2571.0347225385913,2557.9288765283277,2569.86913102582,2570.1565100498538,2569.981389888845,2554.3508400704686,2554.3508400704686,2577.1753946396448
D1633.csv,205.33814089523736,210.01914494228427,341.2460808109789,173.55811861261293,160.54513687180204,197.80190305334875,196.63444357637337,194.1658440696633,303.63539890590823
D3617.csv,47.35362183631789,36.75604042068554,59.14005697773161,40.636949065584524,40.46606503889013,37.690353403216534,39.95764675208722,40.13154397289498,71.4795104079712
D27.csv,58.51540711452815,285.82647754025504,58.4140809989204,283.3803697909197,247.24771405290124,106.69575450785287,57.815921582230246,57.815921582230246,120.12954083151978
D2040.csv,110.77168716680131,145.3318687099338,138.31026652390736,150.59063526880462,151.6997214474551,103.15971832957882,103.0516993463608,102.83985734205086,168.73594936109942
D2077.csv,489.53649315112176,2150.874825109784,501.442573386465,2131.442882817598,2154.9148691322375,2131.2496744867785,503.3618289567805,487.2550695034556,2131.2496744867785
D2049.csv,43.48316160021781,43.97247661526006,78.56134872671932,44.929546099652775,44.15539528371434,39.58396381811088,46.040371755212526,45.38704689463722,57.314522592445975
D155.csv,37.371522555388445,56.78470106134175,41.592957758944024,48.70172891969314,42.52325266153027,42.722422564233696,40.9611302623401,40.27099405742926,75.01457089940742
D3627.csv,295.24725927611104,448.4917789476741,770.3851372934279,269.08786221365295,254.5135306709589,311.51615962632394,243.1096804937314,245.7424381093597,389.89205904754374
D47.csv,19.999514619956607,22.50473977942826,25.453057549208772,16.212521011311797,25.908881403931428,14.982411407011957,17.634343638166225,17.3963374041178,18.484113956313973
D2083.csv,572.4348267930378,781.7051421614281,571.9023281968302,843.7974880600907,836.9478756722696,671.573513808115,456.5889447503042,462.3392553137033,889.5634508539782
D3638.csv,172.2064199694537,624.754749860624,172.11594535918638,657.0720704700245,641.9144329275003,297.13796285590956,169.60745000199424,169.60745000199424,282.36333644878846
D131.csv,191.5224556461485,134.41839222439688,533.8761254924377,134.29714375462882,183.1387480825431,133.1175175698062,158.30910552039208,161.9340433491186,189.48831219305364
D163.csv,67.02516960406872,65.38962301420484,77.98696727760995,78.94477868983911,63.92950900194301,63.03952353704603,60.721563333353316,60.94933871693182,57.658534507943195
D3600.csv,145.55293165172168,318.68400592865197,255.99834227985332,117.69739415220214,106.02561331292021,291.5159447055357,99.46899338420674,100.04320649392396,332.64896465832754
D2059.csv,43.49377749208772,65.44596150095045,48.05571026594826,66.25627981913604,65.69841624087998,54.29211466028663,40.89472402883002,40.23634705789954,65.20344626641305
D1623.csv,449.8974145875614,337.62377999305454,730.1215532496059,385.7094940640599,329.0962846621033,331.18995220309034,354.2114678934063,350.1798294034062,523.5223379009248
D1642.csv,79.49856384128041,111.85615720137667,83.727604774878,97.24978830447851,128.63026923837498,100.35702809587026,79.80023146370347,79.90912473985043,120.54884401032413
D142.csv,26.013621736677784,30.884752850101872,26.00721172598625,29.40569635137573,31.353057060147627,24.684980843564485,25.220288078746872,25.220288078746872,26.936796803582656
D165.csv,162.4773318865209,220.02454519487856,169.1669304790039,171.10743251837607,260.5808363033976,157.77082704036258,163.93935847597044,163.1329604212633,162.5985474950499
D2081.csv,72.57806907231449,49.02179536558676,91.95869305988684,55.94979404718166,53.85569818098642,54.08064651741962,50.80147935489976,50.50690760479626,81.19318413846304
D167.csv,1237.0298640840979,2536.4829789044657,1237.6789250328748,2529.0473596805873,2519.312779518511,2529.196133820652,1256.8228279961927,1256.8228279961927,2638.5190014681457
D2037.csv,19.901748850809703,41.35249139391181,20.27292007604294,41.71770033776018,42.223327731995894,38.00436331857173,21.176462584389885,20.176259002938384,41.60331368563896
D9.csv,20.684608784037184,18.368022620251153,30.967950963603684,18.184134485995255,19.03710377347094,19.321782641476016,21.53782120111759,21.467445365364448,21.340345197906327
D1629.csv,122.7090328286201,137.7184010326527,147.12173166232904,120.33544678574337,120.80869588948745,132.9426526135558,129.58843602425472,127.26871760171086,115.8285269481626
D1622.csv,377.66866486277763,243.40243265166882,377.7733472280551,328.66950513835883,375.53176467679714,218.91828385742562,338.6103512996981,340.5086781798419,685.3254450441775
D2068.csv,83.03747520562014,134.3529236295229,83.01967815209534,134.0956661205726,124.09125819280997,140.80828226979133,90.5381011089937,89.9243271867148,137.57384957374148
D3624.csv,76.06012363139966,59.71349695856875,127.88782260705577,67.4019345327578,64.33344150535052,60.02375571959034,69.01730260588278,69.29881939675579,80.57087879883565
D15.csv,56.30190975850841,92.08872392405308,56.28515423089461,85.19493371981909,105.42245851308618,98.52490516361839,66.92814725179488,67.54283377031447,164.5062579356785
D2056.csv,101.18371760651506,208.40203066995417,149.31856321950477,100.83446582744881,188.58587975389474,161.07530806928327,83.86912525948733,62.15753367945806,206.80559493694128
D1631.csv,137.1618534711418,135.41770261306095,137.15978840942068,129.75890702727284,130.0299277576621,116.92266837300748,138.40499187907966,136.82070430170643,131.50868878068727
D133.csv,842.0373938367636,888.365774892311,1017.1418387884069,886.584401603745,889.0002749425173,886.9975794117761,651.9816264332828,670.4957224961504,886.9975794117761
D3604.csv,75.69206006766889,240.03314465928196,75.68711149693492,297.72247852381605,301.8131403967567,211.2740732174416,77.34322911587671,77.171617192985,302.5984921887326
D2064.csv,91.28325273449934,84.7813731859486,91.32263590345553,117.47990073314494,163.64385600790484,79.7675414829313,95.28511649549054,94.9593852207728,116.52507961195059
D2045.csv,37.71636343112801,56.25686396968164,44.7078875336377,56.32464056041675,58.7988663086431,44.262457083773505,41.49384007123223,39.66370962097303,60.817894930275266
D3606.csv,113.81344487560642,126.7553418077678,113.78282955437386,137.44134232157074,124.38236050734882,130.1575522012439,116.80780225260976,118.74096953480627,136.65720562780433
D2055.csv,51.74586140026345,54.178215653484685,61.46754207331533,69.66898790102876,56.039162025106826,37.54073448977447,55.070443323366014,52.77654991811867,75.47537961859764
D3598.csv,37.75675692565329,36.82916280398578,40.09030325105103,41.18884195211742,40.837559358788724,37.15680409780844,41.955531004718544,37.67370056175842,74.5516822743068
D3601.csv,37.01885005110394,35.13160069286243,44.52280841914466,47.42969476672785,41.085286293293144,38.22223634068612,34.569560236597084,34.787828674516525,42.77726968808337
D1634.csv,30.549797868960578,66.36290687832333,30.56986692078031,52.52622699837387,53.62881715973655,60.46476660006221,30.486528916770627,30.441071353080268,70.56919312687732
D3642.csv,148.05694398603356,293.85079962919167,148.2908002513161,275.53812525911485,275.8429877820984,292.45949047932874,149.35992563167673,149.21079172867394,291.66278553063376
D1641.csv,183.68758933593242,263.61796906933995,240.36802174343273,393.12743758909716,306.9929128946395,237.1575118327421,187.58214534390672,188.51401180751176,271.46485906405184
D3619.csv,71.2643723240333,85.65457282840384,71.29103702320067,82.49793347766402,93.18604828798172,84.074021778172,73.70289458929045,73.51277254221775,103.10367624656048
D1649.csv,88.4555160500921,337.57138344589947,94.19221653510371,325.79221321469726,347.182793591662,333.5596601434292,93.13444063402862,89.85634598073119,339.8750597646141
D1632.csv,23.93777433903663,22.98471155495223,47.46066726422806,18.45398374138468,24.93255365808013,14.768014916388866,16.18286301813048,14.720925675139158,33.768427261089606
D3597.csv,233.22334507227578,214.15786606643798,510.7018373729281,229.08845572649633,250.04766648379754,219.92549093092742,283.8995381225902,157.495778803589,256.76826693114754
D2058.csv,65.16877121985186,70.68636150773136,65.12864675501743,66.05987468816657,66.78786296686556,66.93827526074644,62.113945816189556,62.18870080567032,87.72432586905603
D146.csv,37.051767125132386,42.8647529615862,37.0519411593637,47.83099259526249,55.13075563253212,45.38749373079886,37.22145109982474,37.1737781213466,51.179913231006296
D6.csv,11.351281833083998,87.72842181377104,11.349068114610887,83.39317920527057,84.5517658959488,85.15706297742933,11.430145647233298,14.118401692911723,85.10299732738366
D145.csv,188.4962985629961,125.9763668479789,226.11008929281843,181.45254651770162,181.52364126951807,93.01305135722117,126.43189809664624,170.2418426603571,149.35471309938637
D2070.csv,47.291913673172324,57.82855003515617,51.38002388356753,22.969902453177813,22.59107440606712,22.961731064412938,27.535325347034725,27.89665088059399,65.61249880929701
D2053.csv,150.1579631958241,191.23330061598745,156.49877048956094,171.8448988177674,194.11879468466594,197.2127306010216,145.14025638784668,145.30847108716122,184.43423929194023
D2075.csv,1242.8730249061098,3132.3718752939526,1242.206721465534,3198.3279189183586,2764.2435883431503,2313.5272681848646,1165.2598104225492,1165.2598104225492,2430.532301643547
D3636.csv,142.84742196687958,214.660194803744,142.76593266586957,201.29777982854523,168.2969592805572,160.77977840340452,133.44208515157234,135.07188865972554,167.50441627457894
D2063.csv,113.98662456848704,157.91701564669245,122.02552916563572,161.0993376732836,139.98996323737916,119.93305720224328,80.19079184383814,79.04664235420444,210.07316981894138
D2080.csv,104.78444120953523,130.6106254349505,104.74559813748752,162.75501351030837,151.01225918838998,124.37785329378913,87.51776690703979,88.76795028359841,139.948356871171
D3634.csv,170.82193867585727,201.3226892553666,185.07055045715603,192.7697468316773,184.3509174223976,199.7304043816358,177.68190997052739,171.09388180662606,200.71637239371543
D2078.csv,146.52144732826082,471.87321893884746,147.81738055810587,425.84553407598236,773.0394404636241,379.03385073103965,172.99641271780018,170.40609395427043,683.3033070130716
D3607.csv,33.35981369250164,36.54783565899615,34.25819470703901,39.85608573410309,36.27439278494188,32.24445168479571,29.501846102652014,30.19165675338109,46.271708202745224
D175.csv,8.844839126774849,9.46946853185111,9.69348057253013,10.778355181956977,9.32885535091767,9.904249782596157,9.515430353211952,9.515430353211952,16.828888301221276
D1638.csv,480.76440749151215,939.0994945589495,480.72862301988596,936.1129450436167,956.3781017247843,913.4318215982698,473.84382908429484,470.24848469261116,1000.6757540624768
D1663.csv,187.85668346826773,124.46386390591707,187.8423573472948,142.30697967438567,158.7667284273045,122.2575677113433,180.65742033576117,181.7038403167772,237.70110739820572
D153.csv,55.26753677592013,139.8997228461164,55.263219952534484,145.08630695143262,145.36480315065242,138.70445462298414,56.385611761534285,56.36425187449905,148.01207636541014
D177.csv,156.7058046321291,358.43322632299265,166.85365380025618,385.19560966414673,374.8881380560495,350.7866242507886,164.36084954238248,162.80958337524697,429.37978480064703
D3612.csv,292.59657838625236,234.33471471392232,319.60336945201755,213.20248482642288,257.42535032380175,245.86905883047575,281.749934313932,281.46275555854294,302.73216595405717
D3608.csv,564.8448562702109,531.7962496891438,934.4324233278368,505.78355425683674,515.2127613623561,485.9931641004079,551.5292361845588,571.2710576851977,754.9948969008004
D143.csv,18.0024516095275,15.631494838542038,18.00282855438872,17.91204235107796,16.003166311218724,16.118284534951364,17.272522209594914,17.385753008110726,24.92127664717439
D1636.csv,239.1232868506361,469.8425613467399,419.3903310495507,346.7484646247285,247.40742990429516,302.9677330792829,254.08797461890578,243.2439124375224,607.3889730464718
D128.csv,99.0260456359432,136.82623914735512,99.77045060062791,92.37477494879963,134.71982903139448,114.93313603064958,107.9248082946654,107.47448576912473,154.75464451834716
D140.csv,1113.5225756756531,995.0551854102988,3232.364288311993,773.3958352086273,718.2420755978117,529.2587745397807,470.41880406999354,470.41880406999354,980.9238188878576
D1625.csv,309.6478875370999,407.81508894600137,385.31331112098064,398.93022356415196,427.90433919406365,388.6796910479316,257.2894043239305,256.06275129667483,419.3069436242194
D159.csv,992.2298463066548,671.620887608324,1383.9785271496642,702.8784136927846,635.3201157365725,652.0629988959467,633.9917054497712,629.8487963076718,1118.953027012305
D39.csv,123.27686329891101,162.89533229523929,123.23655371330565,142.68617459260784,150.06941114750555,135.71295112125748,128.2125296117186,127.86983552836237,165.9642179286037
D1660.csv,49.34397317754684,58.413116560089605,49.64706410691068,63.34824213326749,60.72707659206032,42.80523447378847,49.16116220476166,49.177703991047096,70.332936807729
D1628.csv,120.50288079853952,118.81665354627322,124.04459774288239,82.59859189180229,85.34207449931823,82.1771466399996,96.97597771626697,98.05500537433218,78.06360416400089
D44.csv,87.72057140320089,87.5991321887578,87.67195228922263,101.15274805425267,85.75206061222201,87.1733208305321,84.55222067312222,84.61383585395646,109.91143526676252
D2038.csv,98.3487268730415,87.16123485583611,101.03174244099144,76.99823310241148,75.47173620830824,82.97712987102322,98.64900191075913,98.14742865370613,84.18619122619386
D170.csv,170.2068561218599,202.95484108670874,170.20818607245056,205.69134864084293,206.46872134796936,208.91535645114223,169.54917577268213,166.62663670101534,215.3690043758232
D2067.csv,48.30099604792106,99.90425719984513,59.2226694322173,63.48188559421231,48.18660620409546,46.74433483800202,43.793885819021824,41.46137533067861,43.18560916336859
D28.csv,27.77901997870164,21.94142712132083,36.70561898188623,19.728922237193167,25.768183958601416,22.932665899829114,19.646717653371798,20.588641950280525,23.958425647880123
D2048.csv,453.57364402683726,409.0064793148173,453.59972745635986,427.79527285705103,413.26961434585047,303.3737692378943,443.4837697110847,444.2884610724024,525.1842605605719
D20.csv,564.7594894248243,1379.827856152015,567.382515256169,1351.911146061326,1376.2767667953003,1382.626409663869,544.5783296890439,544.5783296890439,1354.1388326165086
D147.csv,19.661750220875817,26.443851704258396,19.66075132801132,30.912673687834154,29.29249706701658,21.929409368214134,20.417934974574674,20.346606530533737,65.59935672026441
D1619.csv,88.37901447325685,110.67187199669938,88.49217623825628,114.02325779627488,122.97429577793427,117.75146478375952,91.88944714340172,91.34542984724067,142.41226893039274
D2082.csv,64.86320972142207,62.35498586132879,64.92743232044975,80.93086877220097,65.08742136218889,59.984560211254085,68.84199874025032,68.42905569598774,139.22015658660925
D3603.csv,52.757842089385086,124.29869993561762,58.263618914636545,57.57679727606971,84.07141634146777,41.30238798730869,45.2157671916056,40.16294191738408,94.94064209560099
D2042.csv,16.12414566637087,26.401121402380536,16.175425083117776,23.515382636832495,16.04811077115532,30.905965128122276,17.337982094045255,17.157894625276363,30.353079206527863
D1657.csv,101.05526771046041,57.27832078814135,112.08526730748707,79.79194772944729,152.09129432734747,54.07404772106664,86.5606504188225,91.10020367220929,84.42636584622129
D43.csv,16.71300343339105,24.620976519139457,16.71201135485541,23.93667292806674,23.652270494994234,24.062688406084774,17.479812903512673,17.465945290729042,24.715302400077423
D1621.csv,567.6229905502707,402.0654258993199,613.1240971798375,376.1989046888301,414.37527643603136,445.52788336670955,422.9345943899449,424.6417887703561,477.22045437877927
D2044.csv,536.5394990688878,478.64704448760193,549.5880225902357,482.9018308007967,491.8174750985206,575.2932016847774,536.4215279432849,531.8783391988649,552.9073819773074
D3641.csv,34.007109690804214,170.89685423576216,33.9954199852132,165.91280590251412,169.20126491277796,169.65608845644215,33.16638908597101,33.16638908597101,170.36988626977606
D1651.csv,206.15867749735693,302.0569901127256,330.15364877062353,244.89973092310686,280.1914333081587,214.7606692420086,209.5271545630297,195.08193039709002,251.8703702736983
D3637.csv,303.72747903995,283.260752677244,408.6358779911697,273.57484623362643,222.72203242386956,272.97658947751876,303.8250256122036,303.79901744970584,258.55540798830725
D2073.csv,154.2470212547807,689.629571084072,221.6808435494585,645.8030235894977,644.8217789603217,644.0396256248524,151.1507608816806,108.49611841725853,644.0396256248524
D3626.csv,144.65609236424623,236.73786122290267,144.55505705341326,161.97756807346641,158.6364444495711,151.85149090451034,122.09498603049973,121.96161327242454,199.62420064080771
D1658.csv,34.93634143943518,76.45838528259702,36.39463509637985,86.36035541731657,76.9486271076714,77.31451607629312,41.10162985350559,40.26179306864575,140.93749657105698
D38.csv,74.66515503979078,73.21840764281156,75.87691025692408,85.482192633272,74.58999505006203,79.27010940614987,76.65213555910218,74.91345436638171,95.174534409158
D21.csv,10.475829894575467,27.33929514086886,10.757352263882403,28.085115806274487,26.170796444174616,25.74167542168973,12.054013889740594,11.309665768789863,34.752302297833445
D1618.csv,60.16821834258424,49.441958212197896,63.13445927904925,45.04418688085513,57.861328730723976,51.57680906725513,55.872803805185065,55.58643858552434,87.023689327735
D3639.csv,201.683125450781,323.7138014869413,201.64687024545094,353.8131183890633,321.0740057931872,330.3739936714821,207.21948816167267,206.486387081107,381.6035563485181
D3611.csv,44.60843320351623,85.31566662110662,69.23458251989875,92.14187084829881,31.83136032221493,30.58594418216226,66.70873383300425,37.309334997339434,30.50041846695758
D149.csv,208.94972157967263,120.1990275619599,362.4157705671082,178.01849655582063,118.02995300831813,133.68473340411524,162.8902896411631,122.4931986064673,262.7465734761569
D25.csv,49.1766982050694,237.4942013320222,49.12042705887943,258.01753348208956,211.76332475288092,87.12060291311386,48.052883940461236,48.052883940461236,97.74547368499448
D1655.csv,103.16874085230513,296.48030249230624,103.13670648820457,311.02119902605114,292.7495818632824,165.31859788290654,114.08116402207887,113.12674625891812,384.9896226024143
D2060.csv,109.94556237467638,89.22315051912564,120.82518210800042,100.29968059813508,150.98877099034019,80.6408081395754,96.07814937145983,96.62910678005503,106.7394667740715
D144.csv,136.48420397552596,141.4997716041284,136.6866578089674,150.34409927685292,142.77727036045866,154.07613602085323,142.02824781316966,132.95064743270623,132.80267254464425
D1662.csv,333.6506382983777,227.73411651144437,492.4655687577523,213.05545359391428,162.53612956847476,206.35616096453893,336.8910427187166,346.9528704634738,61.66311338424947
D45.csv,19.968243923748002,38.065247189730925,19.968703729675955,38.23067442318788,38.17291752581917,36.50021695183279,19.739540983319163,19.739540983319163,37.45782279963545
D12.csv,55.8632678823265,52.1084899731396,89.79743930859843,69.80291357582887,54.419617904369815,53.05922019226505,62.1697309699228,55.577032785679606,67.4115452834305
D3605.csv,134.11059624971824,86.63459992696777,141.86766519008572,70.63249608602574,108.40524856254169,85.91689637216462,70.33248457223299,71.07958759239256,139.8971573603266
D42.csv,525.621425626168,720.3593790458474,578.8669754357799,687.7000178277374,657.6470833115347,686.9870462870805,684.611608312602,477.9041531809823,664.8445317771386
D166.csv,227.50713238552737,1147.653992202102,233.21991908629454,1093.181609044556,1096.3088371474757,1117.7763640371002,218.91443010796075,218.54130730851813,1142.0248245788541
D2057.csv,22.62880654229435,30.249729365887095,58.1247816234432,27.08471591690668,22.226270856736665,21.649809024339124,23.88759620471206,23.38713458958929,23.633765726958867
D3633.csv,109.37419952384325,85.88088557243849,243.82992364391342,84.52377249463866,92.11195307064635,85.52356428008484,72.60794889971129,93.96651615494714,197.0978237105489
D13.csv,225.0481581044197,296.11507400776003,255.0961279034838,315.1737602822572,278.3009199853867,194.8209905893225,169.59289688602126,169.75987770416813,323.72448063300845
D1635.csv,1911.1930258605835,6240.551639587876,3589.898784485611,5358.995542402849,5497.828364112864,5751.98617870384,3846.6026743252955,1445.8457696683388,6206.650196411929
D3629.csv,89.2809021933539,155.26275180397002,89.5361187096866,161.95296716197745,156.00686534467584,129.05666151766894,84.8843189929805,84.8843189929805,176.4072195627389
D129.csv,997.394830613065,971.2169706171408,997.3038231962928,1583.1289867469052,1013.7453785920989,978.3159184522495,1041.5734172447733,1040.210479659504,1643.117844221771
D1659.csv,252.40608403039195,279.81952469805185,252.37515310178813,259.79549468362313,300.4886671062496,211.7313950314768,254.14174475311583,253.45071322401583,432.1581736338303
D8.csv,21.517323170455484,19.488892707179897,31.84513329910495,19.094596235789503,22.481481610697784,20.63345785373943,22.485086649404654,22.36116194326232,24.534744329329296
D152.csv,105.13478009339185,142.99314382112163,105.45304732788479,155.93178488293128,152.7814214658262,131.33233024102762,104.60389178266155,103.64861782260844,148.80501037851516
D172.csv,182.6870019085614,214.11115679142313,184.67523205606642,218.90983893451644,191.25297964985194,190.95207015153292,180.51213406251483,178.78743315388596,226.4358910504989
D1616.csv,61.76405158443168,91.77796801486453,61.668277027360155,72.54298800926045,80.6790395965435,74.3835819362962,58.4560326584638,66.90701966216686,135.04433204824812
D1648.csv,147.2096998246483,642.863550799287,147.2478027076846,621.629397714206,633.2916173701963,622.6527351352662,165.02610506454565,165.02610506454565,769.74414188122
D173.csv,168.28389740304183,213.94234912400978,168.26037197737253,209.17256717633555,199.44952779596696,186.05617336895256,164.67921154949104,163.90325035541628,214.03179375745773
D2072.csv,55.37551065572233,64.0883801745524,56.399382155959124,62.47848336706805,64.8332355528486,57.79490669387829,53.757563803396486,53.31976314139024,61.44841987324032
D3621.csv,1960.035378729625,1848.297090753909,1959.7886067090967,1799.3555766030945,3828.6064564357143,1980.4842373128122,1635.004716880364,1623.7903911424821,2074.415832084722
D3628.csv,69.00944036718856,168.5106196872686,113.71989825275965,160.54412776027985,158.60374880482993,160.52881902048313,76.35755535986237,71.27033733869416,160.82962886949804
D1639.csv,79.7628405427955,132.80516051776144,79.76150173794925,111.99408498258312,122.5179270824269,120.45658330509985,79.96482846283696,79.94691395998596,120.22297396296152
D2062.csv,194.1025845129703,275.6880767766625,246.22182974788296,167.32860062717998,132.61960823688582,202.11717552297705,186.25970075540292,181.46718816897973,155.69383830362165
D1656.csv,103.62159269530973,320.93054729292413,103.58490767122082,290.42796579659466,252.48341121360417,151.52735387317918,111.99433540431399,111.222633932259,375.87457067436276
D3615.csv,24.74619294218475,43.94223839689534,24.76634678373206,40.73886866670107,42.147662873142906,38.07372956268538,24.88648991591531,24.713375835118516,42.51399981836052
D135.csv,852.3715843551536,769.8895538693159,852.3462030273174,1332.6801367942571,1994.5081208972472,834.5229603962803,850.3168603670604,850.9208658274708,1126.6476030368021
D2043.csv,195.7306895945903,1208.2222481733766,195.4772867914263,1081.0345171396336,960.9814292798915,204.65270851497402,142.71555946507306,153.23448873338518,245.89915389813336
D3625.csv,309.2088517275186,380.6001631963705,317.7423354332656,406.09835808412055,372.35516140799103,385.8059529910007,304.65220486936,304.6310676498393,417.85410797072177
D1627.csv,219.1620197410302,257.482369915955,219.3213951777665,270.417374151233,285.03139693419456,245.6284817836218,211.38075233869205,211.38075233869205,336.4134264265447
D3599.csv,37.96159094903291,48.24621282559893,38.59526239258571,61.68402680270514,59.45678737721043,50.38152571528477,38.41398990795845,38.29676029350272,55.32185226812119
D36.csv,287.93540338719464,1296.9480041824816,285.4889450286219,1224.749315022847,493.22063734112635,331.56750114041637,131.19097279962412,144.7331671802943,443.53325101399116
D134.csv,315.59595789213836,826.7619671721761,317.42193887176194,851.3447452337551,865.9746840234495,794.1752235585581,351.920760872485,350.4327072787463,902.1309579660209
D3622.csv,50.16867158031996,32.1543221118789,50.162259022402985,35.476052094159115,33.36206862253224,36.20837590423126,43.7539495077248,44.320408971771705,75.16105603136505
D1626.csv,137.85878958896328,169.1767994474636,202.89439539541476,146.84306651675638,148.796413935539,138.66551481893399,148.24293212099371,142.56382283254848,159.6214003298952
D3635.csv,348.28126412560476,386.5848727470253,348.277248132342,329.21628822122887,209.48921162960733,43.8691135115009,147.05122633487406,300.3585875319648,41.157358555491705
D2084.csv,87.62126736531886,359.6271927267248,88.30008916182103,338.753780187298,337.28747313605595,336.7816161022516,102.23080436806127,100.97273612907878,336.7740755171489
D1614.csv,78.16774026518064,45.219903617455074,97.95611270178338,53.92981655687867,51.96272003862599,42.309673149343844,58.50163601175113,37.787704360917616,77.85287732431598
D157.csv,127.20560405936985,118.4033250694876,127.16595992866353,147.9044303322801,169.14772861257552,117.81936895688865,137.7378231934256,136.87729985327516,170.4224576677029
D139.csv,621.5668824687473,292.0167493645135,635.4003076267736,340.76679139330577,278.9740179401622,362.73812505500524,452.1702008445205,397.5545797013967,293.94021324167664
D33.csv,364.63955277425805,410.9454788831872,366.1191946590069,524.5397391051947,507.3002569544295,396.2925560521641,376.07754549483207,373.9396220248243,417.8283417566642
D2.csv,28.248503848475185,30.772118831236018,28.242904862278674,27.124919626076608,28.565615198033562,17.557255184241956,32.15807621417798,31.954242283135457,33.28144165672512
D130.csv,535.7776896107437,1236.2859168322088,535.6492561623918,1504.5960747542588,1366.1544000639146,1198.3558176681086,530.3759351413337,534.0014052076807,1483.793085234741
D24.csv,64.71467417186454,513.7955653540281,64.65747597883497,501.0064151828349,399.23119705378855,134.49597738640747,61.87119772723478,61.87119772723478,145.09238945658103
D2036.csv,17.465396592008506,26.089345302369104,17.46482725185294,32.7662070182388,29.890555396218694,7.645392444145691,17.81273181248191,17.800772069088445,20.696501080798736
D2069.csv,43.58513393327602,56.69350523800328,43.56361683290451,63.74303546273572,66.81579449650486,53.02534261992513,45.393747074635094,45.34124683162167,76.20224171805673
D1652.csv,65.4612870532151,70.95686006739889,99.32219459693553,66.68248216702425,60.56182559157682,75.63435433422808,55.48869024472616,58.06919422149907,69.23501715172755
D26.csv,56.6771457305285,496.1137363730042,56.64136047969711,396.1321719690353,370.42576285520124,129.58185130539843,53.67009550016748,53.67009550016748,119.50188319714918
D1624.csv,51.984070505168816,146.65990303409353,56.82276353513715,143.06693187199403,147.08490031853137,78.1526753581245,52.48056150085744,51.68016984125372,137.72286244766823
D4.csv,319.5956543802529,226.23905731414078,465.55350469244655,239.55136607775123,258.8236121058714,176.21039193619424,259.75095920750084,292.17865917215283,310.4419487269911
D2074.csv,51.058450102174426,390.570808087261,262.9305880365446,340.18187218195214,346.92949507348175,340.02227868185344,55.96998700272263,54.70893858031673,348.1408103152197
D34.csv,186.77375867855997,210.54343076059223,191.73165167781647,210.8173405185555,213.03923913212873,210.3607615502474,179.98681212690443,180.43414238470478,210.3607615502473
D29.csv,77.07301189313037,121.02914046190915,91.38611975869841,110.53384651581767,111.00422653492207,114.97396417232876,75.01966699723822,75.23717451764836,140.6598637381594
D150.csv,29.683611845103993,41.298747587598804,40.31830637644496,36.369384339513886,44.60100386446238,30.460248019388047,27.452631905441056,27.235853504358477,42.1370547440136
D35.csv,42.202628648885955,873.2057852250829,42.54636168346801,1209.5055988863317,525.0059508080557,50.28417991774353,51.08418163565875,47.047767623519704,87.2024735678752
D3632.csv,106.89602800450618,98.14570806509415,225.8365933975656,74.65833193764183,100.50559012320771,81.36779378555282,70.825573338319,89.54505337641561,202.94003143016894
D137.csv,907.6308888914634,1300.7058942047358,907.4974944332105,1641.9832143753574,1744.9708621874147,1517.6555801042043,907.8578086581047,907.7235786750432,1114.5784328379636
D1620.csv,163.62462727206878,257.67802173623625,336.63473423419845,139.9836719241114,145.94091681661803,181.945975566614,174.86382933444457,91.32661670418933,374.1649377105089
D3602.csv,19.317494707374177,22.471968667617965,20.08310208590489,16.545091622496297,16.033681659502342,16.198264518805775,18.04092437584997,18.003717385957533,42.58158154487103
D11.csv,202.82145334248318,333.66093785719016,202.97931635362966,390.8586396942751,299.06666164752863,118.20136050401452,196.9638688977813,197.08061545497984,141.1395028597593
D1615.csv,341.2088979256951,387.7810385337738,364.821917026002,382.8953891027412,288.6916307516973,272.2324558486021,371.68679116073014,363.7517650672426,674.0342295884171
D48.csv,0.1326395314833919,0.12546088207398126,0.17386600725581766,0.1056976358287445,0.09255075809222807,0.11294606655582284,0.12639716604252182,0.12298482150984585,0.11798445342501837
D19.csv,13.316659988163364,16.767172266482042,13.734711396061016,15.326440547661738,15.680773257765507,14.837224217823497,13.13547445778988,12.96682044396731,39.816549385902334
D141.csv,17.79529089785017,16.910864257849646,17.797407340194226,22.947957440137404,18.21355097819643,14.098553174198974,19.19804565763972,19.300059313674662,26.247243758392994
D18.csv,420.42547581532085,478.2329259441413,420.27057060782664,533.2521709131037,494.16718757866386,413.9542163969024,429.4394722673595,431.360865503227,539.1053653135756
D3643.csv,96.16698310134124,111.2393412834916,103.82509959027091,123.52361959951146,113.93403005923675,117.77575656896474,104.34652841740942,99.29341662895523,143.13097301946914
D3595.csv,148.68532051563182,219.94716643748868,163.8083759265722,231.2619798807569,252.59744260291842,223.67272519821648,147.03227975962906,143.82393246798387,220.267560617223
D1640.csv,36.71972087070514,43.09184919115115,41.92022536892708,36.05434914613146,41.41651380702582,35.10638340049988,32.24393148590377,34.435162842215355,51.31052924068221
D1661.csv,79.49407950308651,102.04830320402415,82.16570180474268,79.68835921722216,102.17807930685906,83.32107273794774,61.9193914653999,64.75888519338753,73.24115902277899
D2039.csv,51.429383934900315,50.02256963695973,54.59909800379596,48.95189351282412,48.1082464436248,48.131492128330244,51.86201541041397,51.86201541041397,50.31594422245701
D17.csv,97.3724827449832,117.05203107772229,102.8928181464597,148.25739528413482,121.23997146177193,111.98954418475122,97.70046290548775,96.76948217742769,302.3173925504798
D3.csv,86.88689917942847,104.51708865415264,86.95491094290261,105.33052582136757,104.57247115530608,102.54291310041027,89.58711052295509,89.35979683654392,103.17216339277421
D2066.csv,70.40620147240878,112.21352522518977,70.41488037507291,113.97312629206837,128.94857401442965,102.0741768962735,71.1693760367703,71.16866566085822,148.32993458867955
D1.csv,11.640513391364685,48.820516398466964,15.988787909335711,49.3648471577404,49.91558976263919,42.45724908658128,16.74810789557121,13.63166543202471,46.60800789563959
D3630.csv,39.81016467414709,43.478547847475085,92.40786966828192,38.77975115996592,44.21299180420448,38.471869695074055,32.521588317560244,30.60824877921332,86.02641514421083
D171.csv,154.6851500449034,194.8069158243366,154.6516857885308,226.54216644064624,173.23256949492054,174.98099135285548,156.05354761140805,156.05354761140805,204.160670493922
D161.csv,42.30409654697748,63.349630939204104,65.12420208168105,39.54526291506363,35.09325941658133,63.159965018874416,35.789764395027376,34.096355716714136,90.23946594309403
D3609.csv,183.84917765496382,197.7053806717952,194.61426873965016,287.5546368259878,220.67992128270524,191.81087867843524,210.55704746794726,211.04580491864232,249.8255564649685
D1647.csv,74.92907915927695,70.00898347104187,78.45877431493932,72.2098407594387,52.8696837620688,63.86912075696365,63.918304278182724,63.549607273415624,73.64069699236371
D158.csv,73.80191941628523,66.0055904834158,73.77008924883597,72.18952856645085,62.01372800453792,72.98849407966058,72.2511993619608,72.3893310980651,146.06153808587837
D138.csv,665.2611224748026,1021.9235350741586,665.2444305880064,1013.9535177544187,1029.7564867993144,1021.4055172991924,669.5714473888524,669.0355223307943,1021.4055172991924
D1646.csv,60.69759074407538,60.782532531012585,102.05889487137209,60.81179157709065,62.65717526218614,56.71198496759739,68.31674472248959,65.2467454979609,78.1018407865434
D1630.csv,182.95086313797827,179.70129120116195,183.46881461081034,219.31054771964622,185.22457134557806,196.0682633779058,181.5948212327147,181.52234255046807,204.0649961562492
D22.csv,71.0530079414289,552.1095110364399,70.9052976429728,646.2710317376769,499.22151255892146,146.82345661541916,69.40889050997251,69.40889050997251,169.712046588444
D10.csv,99.88019781540358,82.99471710097484,99.8877793241424,86.51579373536423,82.53815187705078,81.76423539527201,78.8396406382535,79.31940503098896,100.55163720074378
D3614.csv,53.756988042770985,52.55110065827783,53.75768896944415,55.64869425192668,58.06297452380171,43.553159470789716,53.296166287606475,53.30748840729682,59.18333026098167
D2051.csv,44.840352413879984,108.07167764315562,44.82477980651856,119.49757653118175,99.97153708076141,41.89693582865697,42.54303253266679,42.98211415946589,45.79945376938211
D1653.csv,150.50509703260929,214.92331886599334,150.4925382467364,223.09233435922312,210.6153834450172,189.39014841451655,150.28771926564465,150.2154085175701,228.70520498784123
D16.csv,922.5049400589643,940.4484428219353,922.2763973557338,1170.5049971965993,1002.7182331741694,913.4721814117294,961.4433042154354,961.4433042154354,1549.310014980254
D14.csv,89.00330288148636,53.43019460847882,89.15664661502475,67.78489729216251,107.97375698648781,64.00838008803402,72.70358382560946,74.70716049065916,165.87975175936938
D1617.csv,75.71437890917359,56.96960699894197,85.23068197194551,56.61014179609272,65.60951592213846,56.31458055445933,61.22902345393882,61.423780407367715,70.54920643210772
D23.csv,70.00441457632569,405.30723950055244,69.75641114850438,349.0596815812015,324.06050793976203,161.617241309865,67.61235445803783,67.61235445803783,137.1152381416372
D1650.csv,3417.4564740342485,2964.747809064504,4105.269383914172,2852.5371594418416,3050.0607625377384,3046.400527782903,2745.5503708133083,3044.0482780772404,3119.5943691648436
